,exper_num,sequenc_len,num_lstm_units,n_epochs,weighted_mse_test,weighted_mse_train,weighted_mse_val,weighted_mse_test_const,batch_size,duration,missing_feature,feature
5,mean,6.0,6.0,45.4,0.897967373464577,0.8435098280764762,0.8307664664521084,1.6522968739703885,60.0,25.080645418167116,0.0,chr2L
12,mean,6.0,6.0,59.8,0.8940590548169081,0.8230595151078772,0.8114161661661641,1.652296873970388,60.0,31.340759468078613,1.0,chr2R
19,mean,6.0,6.0,60.2,0.8896551142768063,0.8223444530072939,0.8145219670780017,1.652296873970388,60.0,32.06557960510254,2.0,chr3L
26,mean,6.0,6.0,45.8,0.906378537069951,0.8509379464360098,0.8287817653466003,1.652296873970388,60.0,23.37217860221863,3.0,chr3R
33,mean,6.0,6.0,66.4,0.8938060752461302,0.8236160032500042,0.8039209073516232,1.652296873970388,60.0,30.86968913078308,4.0,chrX
40,mean,6.0,6.0,67.4,0.8860466100739028,0.8135654444951002,0.8035757503406995,1.652296873970388,60.0,32.572458839416505,5.0,H3K4me2
47,mean,6.0,6.0,60.0,0.9048776084950111,0.8372978031602338,0.8192656718100126,1.6522968739703885,60.0,27.15666780471802,6.0,ISWI
54,mean,6.0,6.0,54.4,0.9103680705981845,0.8408933525672403,0.837672676344034,1.652296873970388,60.0,29.512870359420777,7.0,Chriz
61,mean,6.0,6.0,47.0,0.8995555116473666,0.8406967645865177,0.8189355574710095,1.6522968739703885,60.0,23.82498083114624,8.0,WDS
68,mean,6.0,6.0,56.6,0.8798467913791189,0.8260516498488807,0.8107250249662663,1.6522968739703885,60.0,28.6149432182312,9.0,MRG15
75,mean,6.0,6.0,51.0,0.9041393789247223,0.8365542515813837,0.8207677541968424,1.6522968739703885,60.0,27.12083034515381,10.0,H3K79me3
82,mean,6.0,6.0,56.8,0.9025042390996336,0.8339359323979268,0.8169239897205864,1.6522968739703885,60.0,28.720964670181274,11.0,RNA-polymerase-II
89,mean,6.0,6.0,38.8,0.9106159573826137,0.8570891146372179,0.8380815163035502,1.6522968739703885,60.0,20.116681575775146,12.0,H1
96,mean,6.0,6.0,59.4,0.9013513963027895,0.8353047481973365,0.8121772155425037,1.652296873970388,60.0,25.88323712348938,13.0,H3K27me3
103,mean,6.0,6.0,61.2,0.8999381740931002,0.830376123851066,0.8147197566654623,1.6522968739703885,60.0,26.77358274459839,14.0,start_coord
110,mean,6.0,6.0,83.0,0.8659311152262206,0.8336892463960449,0.877959948174372,1.5985415909413643,160.0,16.170922374725343,-1.0,all
